Method,Precision,Recall,F1-Score,NDCG
Item Based,0.046299999999999994,0.048369580419580414,0.047017597644424945,0.04804101192764075
User Based,0.047299999999999995,0.04900604118104118,0.04786705691707374,0.051699752583302255
Content Based,0.0458,0.04762369297369297,0.04642126244367798,0.04741476245980822
Hybrid,0.047299999999999995,0.04925218670218671,0.04796133160149852,0.04876187340251842
